{"cameraMode":{"drawMode":0,"name":"Shaded","section":"Shading Mode"},"sceneLighting":false,"audioPlay":false,"sceneViewState":{"m_AlwaysRefresh":false,"showFog":true,"showSkybox":false,"showFlares":true,"showImageEffects":true,"showParticleSystems":true,"showVisualEffectGraphs":true,"m_FxEnabled":true},"in2DMode":false,"pivot":{"x":0.5649999976158142,"y":1.340000033378601,"z":0.8619999885559082},"rotation":{"x":-0.02165157161653042,"y":0.9488226771354675,"z":-0.3079244792461395,"w":-0.06671556085348129},"size":0.08660252392292023,"orthographic":false}