{"cameraMode":{"drawMode":0,"name":"Shaded","section":"Shading Mode"},"sceneLighting":false,"audioPlay":false,"sceneViewState":{"m_AlwaysRefresh":false,"showFog":true,"showSkybox":false,"showFlares":true,"showImageEffects":true,"showParticleSystems":true,"showVisualEffectGraphs":true,"m_FxEnabled":true},"in2DMode":false,"pivot":{"x":115.39305114746094,"y":0.2984182834625244,"z":84.89315032958985},"rotation":{"x":-0.2744879126548767,"y":0.08983305841684342,"z":-0.025792522355914117,"w":-0.9570557475090027},"size":4.965679168701172,"orthographic":false}