{"cameraMode":{"drawMode":0,"name":"Shaded","section":"Shading Mode"},"sceneLighting":false,"audioPlay":false,"sceneViewState":{"m_AlwaysRefresh":false,"showFog":true,"showSkybox":false,"showFlares":true,"showImageEffects":true,"showParticleSystems":true,"showVisualEffectGraphs":true,"m_FxEnabled":true},"in2DMode":false,"pivot":{"x":108.27410888671875,"y":0.09881806373596192,"z":82.52902221679688},"rotation":{"x":-0.19064322113990785,"y":-0.6153048276901245,"z":0.15663811564445496,"w":-0.7487019896507263},"size":5.577239036560059,"orthographic":false}